url,product,page_type_hint,name
https://www.lg.com/ca_en/support/product-help/CT20098040-20150121734487,,support,CT20098040-20150121734487
https://www.lg.com/ca_en/support/product-help/CT20098005-20152531369601,,support,CT20098005-20152531369601
https://www.lg.com/ca_en/support/product-support/troubleshoot/help-library/cs-CT52001646-20153143600657/,,support_troubleshoot,cs-CT52001646-20153143600657
https://www.lg.com/ca_en/support/product-support/troubleshoot/help-library/cs-CT52001643-20154967819894/,,support_troubleshoot,cs-CT52001643-20154967819894
https://www.lg.com/ca_en/support/product-support/troubleshoot/help-library/cs-CT52001644-20154982199574/,,support_troubleshoot,cs-CT52001644-20154982199574
https://www.lg.com/ca_en/support/product-support/troubleshoot/help-library/cs-CT52001643-20154988827152/,,support_troubleshoot,cs-CT52001643-20154988827152
https://www.lg.com/ca_en/support/product-support/troubleshoot/help-library/cs-CT52001643-20154992567329,,support_troubleshoot,cs-CT52001643-20154992567329
https://www.lg.com/ca_en/support/product-support/troubleshoot/help-library/cs-CT52001643-20154996610870,,support_troubleshoot,cs-CT52001643-20154996610870
https://www.lg.com/ca_en/support/product-support/troubleshoot/help-library/cs-CT52001644-20155004250411/,,support_troubleshoot,cs-CT52001644-20155004250411
https://www.lg.com/ca_en/support/product-support/troubleshoot/help-library/cs-CT52001646-20155006049806/,,support_troubleshoot,cs-CT52001646-20155006049806
https://www.lg.com/ca_en/support/product-support/troubleshoot/help-library/cs-CT52001646-20155006102790/,,support_troubleshoot,cs-CT52001646-20155006102790
https://www.lg.com/ca_en/support/product-support/troubleshoot/help-library/cs-CT52001644-20155014634568/,,support_troubleshoot,cs-CT52001644-20155014634568
https://www.lg.com/ca_en/support/product-support/troubleshoot/help-library/cs-CT32005681-20155014963117,,support_troubleshoot,cs-CT32005681-20155014963117
https://www.lg.com/ca_en/support/product-support/troubleshoot/help-library/cs-CT52006110-20155017811441,,support_troubleshoot,cs-CT52006110-20155017811441
https://www.lg.com/ca_en/support/product-support/troubleshoot/help-library/cs-CT52001643-20155019525907,,support_troubleshoot,cs-CT52001643-20155019525907
https://www.lg.com/ca_en/support/product-support/troubleshoot/help-library/cs-CT52001646-20155019543121,,support_troubleshoot,cs-CT52001646-20155019543121
https://www.lg.com/ca_en/support/product-support/troubleshoot/help-library/cs-CT52001643-20155021166515,,support_troubleshoot,cs-CT52001643-20155021166515
https://www.lg.com/ca_en/support/product-support/troubleshoot/help-library/cs-CT52001646-20155021549727/,,support_troubleshoot,cs-CT52001646-20155021549727
https://www.lg.com/ca_en/support/product-support/troubleshoot/help-library/cs-CT52001644-20155027706948/,,support_troubleshoot,cs-CT52001644-20155027706948
https://www.lg.com/ca_en/support/product-support/troubleshoot/help-library/cs-CT52001644-20155027803851/,,support_troubleshoot,cs-CT52001644-20155027803851
https://www.lg.com/ca_en/support/product-support/troubleshoot/help-library/cs-CT52001644-20155027833733,,support_troubleshoot,cs-CT52001644-20155027833733
https://www.lg.com/ca_en/support/product-support/troubleshoot/help-library/cs-CT52001646-20155028291727/,,support_troubleshoot,cs-CT52001646-20155028291727
https://www.lg.com/ca_en/support/product-support/troubleshoot/help-library/cs-CT52001644-20155028310815,,support_troubleshoot,cs-CT52001644-20155028310815
https://www.lg.com/ca_en/support/product-support/troubleshoot/help-library/cs-CT52001644-20155028319372,,support_troubleshoot,cs-CT52001644-20155028319372
https://www.lg.com/ca_en/support/product-support/troubleshoot/help-library/cs-CT52001644-20155028328192,,support_troubleshoot,cs-CT52001644-20155028328192
https://www.lg.com/ca_en/support/product-support/troubleshoot/help-library/cs-CT52001644-20155028331934/,,support_troubleshoot,cs-CT52001644-20155028331934
https://www.lg.com/ca_en/support/product-support/troubleshoot/help-library/cs-CT52001646-20155029319374/,,support_troubleshoot,cs-CT52001646-20155029319374
https://www.lg.com/ca_en/support/product-support/troubleshoot/help-library/cs-CT52001646-20155029348265/,,support_troubleshoot,cs-CT52001646-20155029348265
https://www.lg.com/ca_en/support/product-support/troubleshoot/help-library/cs-CT52001646-20155047764799,,support_troubleshoot,cs-CT52001646-20155047764799
https://www.lg.com/ca_en/support/product-support/troubleshoot/help-library/cs-CT52006110-20155048182195,,support_troubleshoot,cs-CT52006110-20155048182195
https://www.lg.com/ca_en/support/product-support/troubleshoot/help-library/cs-CT52006110-20155048190769,,support_troubleshoot,cs-CT52006110-20155048190769
https://www.lg.com/ca_en/support/product-support/troubleshoot/help-library/cs-CT52006110-20155048194547,,support_troubleshoot,cs-CT52006110-20155048194547
https://www.lg.com/ca_en/support/product-support/troubleshoot/help-library/cs-CT52001644-20155048201823/,,support_troubleshoot,cs-CT52001644-20155048201823
https://www.lg.com/ca_en/support/product-support/troubleshoot/help-library/cs-CT52001644-20155048209300,,support_troubleshoot,cs-CT52001644-20155048209300
https://www.lg.com/ca_en/support/product-support/troubleshoot/help-library/cs-CT52001644-20155048215880,,support_troubleshoot,cs-CT52001644-20155048215880
https://www.lg.com/ca_en/support/product-support/troubleshoot/help-library/cs-CT52001646-20155051174286/,,support_troubleshoot,cs-CT52001646-20155051174286
https://www.lg.com/ca_en/support/product-support/troubleshoot/help-library/cs-CT52001643-20155051196024,,support_troubleshoot,cs-CT52001643-20155051196024
https://www.lg.com/ca_en/support/product-support/troubleshoot/help-library/cs-CT52001643-20155052621589,,support_troubleshoot,cs-CT52001643-20155052621589
https://www.lg.com/ca_en/support/product-support/troubleshoot/help-library/cs-CT52006110-20155060935889,,support_troubleshoot,cs-CT52006110-20155060935889
https://www.lg.com/ca_en/support/product-support/troubleshoot/help-library/cs-CT52006110-20155060985166,,support_troubleshoot,cs-CT52006110-20155060985166
https://www.lg.com/ca_en/support/product-support/troubleshoot/help-library/cs-CT32004641-20155060985301,,support_troubleshoot,cs-CT32004641-20155060985301
https://www.lg.com/ca_en/support/product-support/troubleshoot/help-library/cs-CT52001646-20155062024742,,support_troubleshoot,cs-CT52001646-20155062024742
https://www.lg.com/ca_en/support/product-support/troubleshoot/help-library/cs-CT32004641-20155062097432,,support_troubleshoot,cs-CT32004641-20155062097432
https://www.lg.com/ca_en/support/product-support/troubleshoot/help-library/cs-CT52001646-20155062554878,,support_troubleshoot,cs-CT52001646-20155062554878
https://www.lg.com/ca_en/support/product-support/troubleshoot/help-library/cs-CT32004642-20155062560913,,support_troubleshoot,cs-CT32004642-20155062560913
https://www.lg.com/ca_en/support/product-support/troubleshoot/help-library/cs-CT52001643-20155063961192,,support_troubleshoot,cs-CT52001643-20155063961192
https://www.lg.com/ca_en/support/product-support/troubleshoot/help-library/cs-CT52001644-20155064031230/,,support_troubleshoot,cs-CT52001644-20155064031230
https://www.lg.com/ca_en/support/product-support/troubleshoot/help-library/cs-CT52001644-20155065328685/,,support_troubleshoot,cs-CT52001644-20155065328685
https://www.lg.com/ca_en/support/product-support/troubleshoot/help-library/cs-CT52001644-20155069418885/,,support_troubleshoot,cs-CT52001644-20155069418885
https://www.lg.com/ca_en/support/product-support/troubleshoot/help-library/cs-CT32005681-20155069776982,,support_troubleshoot,cs-CT32005681-20155069776982
https://www.lg.com/ca_en/support/product-support/troubleshoot/help-library/cs-CT52001644-20155092723807/,,support_troubleshoot,cs-CT52001644-20155092723807
https://www.lg.com/ca_en/support/product-support/troubleshoot/help-library/cs-CT52001644-20155092732093/,,support_troubleshoot,cs-CT52001644-20155092732093
https://www.lg.com/ca_en/support/product-support/troubleshoot/help-library/cs-CT52001644-20155094143322/,,support_troubleshoot,cs-CT52001644-20155094143322
https://www.lg.com/ca_en/support/product-support/troubleshoot/help-library/cs-CT52001644-20155101654184/,,support_troubleshoot,cs-CT52001644-20155101654184
https://www.lg.com/ca_en/support/product-support/troubleshoot/help-library/cs-CT52001644-20155101685624/,,support_troubleshoot,cs-CT52001644-20155101685624
https://www.lg.com/ca_en/support/product-support/troubleshoot/help-library/cs-CT52001644-20155101706265/,,support_troubleshoot,cs-CT52001644-20155101706265
https://www.lg.com/ca_en/support/product-support/troubleshoot/help-library/cs-CT52001644-20155101713956/,,support_troubleshoot,cs-CT52001644-20155101713956
https://www.lg.com/ca_en/support/product-support/troubleshoot/help-library/cs-CT52001644-20155101717826,,support_troubleshoot,cs-CT52001644-20155101717826
https://www.lg.com/ca_en/support/product-support/troubleshoot/help-library/cs-CT52001644-20155101718050,,support_troubleshoot,cs-CT52001644-20155101718050
https://www.lg.com/ca_en/support/product-support/troubleshoot/help-library/cs-CT52001644-20155101718495/,,support_troubleshoot,cs-CT52001644-20155101718495
https://www.lg.com/ca_en/support/product-support/troubleshoot/help-library/cs-CT52001644-20155101719544/,,support_troubleshoot,cs-CT52001644-20155101719544
https://www.lg.com/ca_en/support/product-support/troubleshoot/help-library/cs-CT52001644-20155101719876,,support_troubleshoot,cs-CT52001644-20155101719876
https://www.lg.com/ca_en/support/product-support/troubleshoot/help-library/cs-CT52001644-20155101720047,,support_troubleshoot,cs-CT52001644-20155101720047
https://www.lg.com/ca_en/support/product-support/troubleshoot/help-library/cs-CT52001644-20155101724656/,,support_troubleshoot,cs-CT52001644-20155101724656
https://www.lg.com/ca_en/support/product-support/troubleshoot/help-library/cs-CT52001644-20155101725446/,,support_troubleshoot,cs-CT52001644-20155101725446
https://www.lg.com/ca_en/support/product-support/troubleshoot/help-library/cs-CT52001644-20155101726683/,,support_troubleshoot,cs-CT52001644-20155101726683
https://www.lg.com/ca_en/support/product-support/troubleshoot/help-library/cs-CT52001644-20155101727405/,,support_troubleshoot,cs-CT52001644-20155101727405
https://www.lg.com/ca_en/support/product-support/troubleshoot/help-library/cs-CT52001644-20155101727812,,support_troubleshoot,cs-CT52001644-20155101727812
https://www.lg.com/ca_en/support/product-support/troubleshoot/help-library/cs-CT52001644-20155101732327/,,support_troubleshoot,cs-CT52001644-20155101732327
https://www.lg.com/ca_en/support/product-support/troubleshoot/help-library/cs-CT52001644-20155101746157/,,support_troubleshoot,cs-CT52001644-20155101746157
https://www.lg.com/ca_en/support/product-support/troubleshoot/help-library/cs-CT52001644-20155102607568,,support_troubleshoot,cs-CT52001644-20155102607568
https://www.lg.com/ca_en/support/product-support/troubleshoot/help-library/cs-CT52001644-20155102764124,,support_troubleshoot,cs-CT52001644-20155102764124
https://www.lg.com/ca_en/support/product-support/troubleshoot/help-library/cs-CT52001644-20155102771982/,,support_troubleshoot,cs-CT52001644-20155102771982
https://www.lg.com/ca_en/support/product-support/troubleshoot/help-library/cs-CT52001644-20155102781756/,,support_troubleshoot,cs-CT52001644-20155102781756
https://www.lg.com/ca_en/support/product-support/troubleshoot/help-library/cs-CT52001644-20155102790780/,,support_troubleshoot,cs-CT52001644-20155102790780
https://www.lg.com/ca_en/support/product-support/troubleshoot/help-library/cs-CT52001644-20155102795862/,,support_troubleshoot,cs-CT52001644-20155102795862
https://www.lg.com/ca_en/support/product-support/troubleshoot/help-library/cs-CT52001644-20155102799560/,,support_troubleshoot,cs-CT52001644-20155102799560
https://www.lg.com/ca_en/support/product-support/troubleshoot/help-library/cs-CT52001644-20155102807099/,,support_troubleshoot,cs-CT52001644-20155102807099
https://www.lg.com/ca_en/support/product-support/troubleshoot/help-library/cs-CT52001644-20155102807384/,,support_troubleshoot,cs-CT52001644-20155102807384
https://www.lg.com/ca_en/support/product-support/troubleshoot/help-library/cs-CT52001644-20155102810436/,,support_troubleshoot,cs-CT52001644-20155102810436
https://www.lg.com/ca_en/support/product-support/troubleshoot/help-library/cs-CT52001644-20155102817652,,support_troubleshoot,cs-CT52001644-20155102817652
https://www.lg.com/ca_en/support/product-support/troubleshoot/help-library/cs-CT52001644-20155102822696,,support_troubleshoot,cs-CT52001644-20155102822696
https://www.lg.com/ca_en/support/product-support/troubleshoot/help-library/cs-CT52001644-20155102830534,,support_troubleshoot,cs-CT52001644-20155102830534
https://www.lg.com/ca_en/support/product-support/troubleshoot/help-library/cs-CT52001644-20155102834211,,support_troubleshoot,cs-CT52001644-20155102834211
https://www.lg.com/ca_en/support/product-support/troubleshoot/help-library/cs-CT52001644-20155102922031/,,support_troubleshoot,cs-CT52001644-20155102922031
https://www.lg.com/ca_en/support/product-support/troubleshoot/help-library/cs-CT52001644-20155102927008/,,support_troubleshoot,cs-CT52001644-20155102927008
https://www.lg.com/ca_en/support/product-support/troubleshoot/help-library/cs-CT52001644-20155102931118/,,support_troubleshoot,cs-CT52001644-20155102931118
https://www.lg.com/ca_en/support/product-support/troubleshoot/help-library/cs-CT52001644-20155102935653/,,support_troubleshoot,cs-CT52001644-20155102935653
https://www.lg.com/ca_en/support/product-support/troubleshoot/help-library/cs-CT52001644-20155102941063,,support_troubleshoot,cs-CT52001644-20155102941063
https://www.lg.com/ca_en/support/product-support/troubleshoot/help-library/cs-CT52001644-20155102946468,,support_troubleshoot,cs-CT52001644-20155102946468
https://www.lg.com/ca_en/support/product-support/troubleshoot/help-library/cs-CT52001644-20155102947679/,,support_troubleshoot,cs-CT52001644-20155102947679
https://www.lg.com/ca_en/support/product-support/troubleshoot/help-library/cs-CT52001644-20155102967699/,,support_troubleshoot,cs-CT52001644-20155102967699
https://www.lg.com/ca_en/support/product-support/troubleshoot/help-library/cs-CT52001644-20155102976781,,support_troubleshoot,cs-CT52001644-20155102976781
https://www.lg.com/ca_en/support/product-support/troubleshoot/help-library/cs-CT52001644-20155102978829,,support_troubleshoot,cs-CT52001644-20155102978829
https://www.lg.com/ca_en/support/product-support/troubleshoot/help-library/cs-CT52001644-20155103090594/,,support_troubleshoot,cs-CT52001644-20155103090594
https://www.lg.com/ca_en/support/product-support/troubleshoot/help-library/cs-CT52001644-20155103106278/,,support_troubleshoot,cs-CT52001644-20155103106278
https://www.lg.com/ca_en/support/product-support/troubleshoot/help-library/cs-CT52001644-20155103112180,,support_troubleshoot,cs-CT52001644-20155103112180
https://www.lg.com/ca_en/support/product-support/troubleshoot/help-library/cs-CT52001646-20155104838308/,,support_troubleshoot,cs-CT52001646-20155104838308
https://www.lg.com/ca_en/support/product-support/troubleshoot/help-library/cs-CT52001643-20155105899038/,,support_troubleshoot,cs-CT52001643-20155105899038
https://www.lg.com/ca_en/support/product-support/troubleshoot/help-library/cs-CT52001643-20155105899739/,,support_troubleshoot,cs-CT52001643-20155105899739
https://www.lg.com/ca_en/support/product-support/troubleshoot/help-library/cs-CT52001644-20155105954103,,support_troubleshoot,cs-CT52001644-20155105954103
https://www.lg.com/ca_en/support/product-support/troubleshoot/help-library/cs-CT52001646-20155113389343/,,support_troubleshoot,cs-CT52001646-20155113389343
https://www.lg.com/ca_en/support/product-support/troubleshoot/help-library/cs-CT32005681-20155113404272,,support_troubleshoot,cs-CT32005681-20155113404272
https://www.lg.com/ca_en/support/product-support/troubleshoot/help-library/cs-CT52006110-20155114023194,,support_troubleshoot,cs-CT52006110-20155114023194
https://www.lg.com/ca_en/support/product-support/troubleshoot/help-library/cs-CT52001644-20155114034191/,,support_troubleshoot,cs-CT52001644-20155114034191
https://www.lg.com/ca_en/support/product-support/troubleshoot/help-library/cs-CT52001644-20155114214879/,,support_troubleshoot,cs-CT52001644-20155114214879
https://www.lg.com/ca_en/support/product-support/troubleshoot/help-library/cs-CT52001646-20155114287102/,,support_troubleshoot,cs-CT52001646-20155114287102
https://www.lg.com/ca_en/support/product-support/troubleshoot/help-library/cs-CT32005681-20155115714102,,support_troubleshoot,cs-CT32005681-20155115714102
https://www.lg.com/ca_en/support/product-support/troubleshoot/help-library/cs-CT52001643-20155115738645,,support_troubleshoot,cs-CT52001643-20155115738645
https://www.lg.com/ca_en/support/product-support/troubleshoot/help-library/cs-CT52006110-20155115746657/,,support_troubleshoot,cs-CT52006110-20155115746657
https://www.lg.com/ca_en/support/product-support/troubleshoot/help-library/cs-CT32005681-20155115805472,,support_troubleshoot,cs-CT32005681-20155115805472
https://www.lg.com/ca_en/support/product-support/troubleshoot/help-library/cs-CT52006110-20155115897739/,,support_troubleshoot,cs-CT52006110-20155115897739
https://www.lg.com/ca_en/support/product-support/troubleshoot/help-library/cs-CT52006110-20155117723496/,,support_troubleshoot,cs-CT52006110-20155117723496
https://www.lg.com/ca_en/support/product-support/troubleshoot/help-library/cs-CT52001644-20155118239802/,,support_troubleshoot,cs-CT52001644-20155118239802
https://www.lg.com/ca_en/support/product-support/troubleshoot/help-library/cs-CT52006110-20155118503584/,,support_troubleshoot,cs-CT52006110-20155118503584
https://www.lg.com/ca_en/support/product-support/troubleshoot/help-library/cs-CT32005681-20155119003826,,support_troubleshoot,cs-CT32005681-20155119003826
https://www.lg.com/ca_en/support/product-support/troubleshoot/help-library/cs-CT52006110-20155128298706/,,support_troubleshoot,cs-CT52006110-20155128298706
https://www.lg.com/ca_en/support/product-support/troubleshoot/help-library/cs-CT52001644-20155128320514/,,support_troubleshoot,cs-CT52001644-20155128320514
https://www.lg.com/ca_en/support/product-support/troubleshoot/help-library/cs-CT52001644-20155130214995/,,support_troubleshoot,cs-CT52001644-20155130214995
https://www.lg.com/ca_en/support/product-support/troubleshoot/help-library/cs-CT52006110-20155130413192/,,support_troubleshoot,cs-CT52006110-20155130413192
https://www.lg.com/ca_en/support/product-support/troubleshoot/help-library/cs-CT52001643-20155130444418,,support_troubleshoot,cs-CT52001643-20155130444418
https://www.lg.com/ca_en/support/product-support/troubleshoot/help-library/cs-CT52006110-20155130674451/,,support_troubleshoot,cs-CT52006110-20155130674451
https://www.lg.com/ca_en/support/product-support/troubleshoot/help-library/cs-CT52006110-20155131934965,,support_troubleshoot,cs-CT52006110-20155131934965
https://www.lg.com/ca_en/support/product-support/troubleshoot/help-library/cs-CT52006110-20155131946148/,,support_troubleshoot,cs-CT52006110-20155131946148
https://www.lg.com/ca_en/support/product-support/troubleshoot/help-library/cs-CT52006110-20155134071291/,,support_troubleshoot,cs-CT52006110-20155134071291
https://www.lg.com/ca_en/support/product-support/troubleshoot/help-library/cs-CT52006110-20155134073923/,,support_troubleshoot,cs-CT52006110-20155134073923
https://www.lg.com/ca_en/support/product-support/troubleshoot/help-library/cs-CT52006110-20155135967672/,,support_troubleshoot,cs-CT52006110-20155135967672
https://www.lg.com/ca_en/support/product-support/troubleshoot/help-library/cs-CT52001646-20155140645709/,,support_troubleshoot,cs-CT52001646-20155140645709
https://www.lg.com/ca_en/support/product-support/troubleshoot/help-library/cs-CT52001643-20155140877576,,support_troubleshoot,cs-CT52001643-20155140877576
https://www.lg.com/ca_en/support/product-support/troubleshoot/help-library/cs-CT52001646-20155143216028/,,support_troubleshoot,cs-CT52001646-20155143216028
https://www.lg.com/ca_en/support/product-support/troubleshoot/help-library/cs-CT52001646-20155146788052/,,support_troubleshoot,cs-CT52001646-20155146788052
https://www.lg.com/ca_en/support/product-support/troubleshoot/help-library/cs-CT52001644-20155146808899/,,support_troubleshoot,cs-CT52001644-20155146808899
https://www.lg.com/ca_en/support/product-support/troubleshoot/help-library/cs-CT52001644-20155148961258/,,support_troubleshoot,cs-CT52001644-20155148961258
https://www.lg.com/ca_en/support/product-support/troubleshoot/help-library/cs-CT52001643-20155154187826,,support_troubleshoot,cs-CT52001643-20155154187826
https://www.lg.com/ca_en/support/product-support/troubleshoot/help-library/cs-CT52001643-20155155361290,,support_troubleshoot,cs-CT52001643-20155155361290
https://www.lg.com/ca_en/support/product-support/troubleshoot/help-library/cs-CT52001644-20155177649603/,,support_troubleshoot,cs-CT52001644-20155177649603
https://www.lg.com/ca_en/support/product-support/troubleshoot/help-library/cs-CT52001646-20155179474775,,support_troubleshoot,cs-CT52001646-20155179474775
https://www.lg.com/ca_en/support/product-support/troubleshoot/help-library/cs-CT52001646-20155181423715,,support_troubleshoot,cs-CT52001646-20155181423715
https://www.lg.com/ca_en/support/product-support/troubleshoot/help-library/cs-CT52006110-20155183801725/,,support_troubleshoot,cs-CT52006110-20155183801725
https://www.lg.com/ca_en/support/product-support/troubleshoot/help-library/cs-CT52006110-20155184080987,,support_troubleshoot,cs-CT52006110-20155184080987
https://www.lg.com/ca_en/support/product-support/troubleshoot/help-library/cs-CT52006110-20155198564361,,support_troubleshoot,cs-CT52006110-20155198564361
https://www.lg.com/ca_en/support/product-support/troubleshoot/help-library/cs-CT32004641-20155198988498,,support_troubleshoot,cs-CT32004641-20155198988498
https://www.lg.com/ca_en/support/product-support/troubleshoot/help-library/cs-CT32004641-20155198996049,,support_troubleshoot,cs-CT32004641-20155198996049
https://www.lg.com/ca_en/support/product-support/troubleshoot/help-library/cs-CT52006110-20155198999813/,,support_troubleshoot,cs-CT52006110-20155198999813
https://www.lg.com/ca_en/support/product-support/troubleshoot/help-library/cs-CT32004641-20155199003031,,support_troubleshoot,cs-CT32004641-20155199003031
https://www.lg.com/ca_en/support/product-support/troubleshoot/help-library/cs-CT52001644-20155200206999,,support_troubleshoot,cs-CT52001644-20155200206999
https://www.lg.com/ca_en/support/product-support/troubleshoot/help-library/cs-CT52001644-20155209277622,,support_troubleshoot,cs-CT52001644-20155209277622
https://www.lg.com/ca_en/support/product-support/troubleshoot/help-library/cs-CT52001646-20155219494858,,support_troubleshoot,cs-CT52001646-20155219494858
https://www.lg.com/ca_en/support/product-support/troubleshoot/help-library/cs-CT52001644-20155251415576/,,support_troubleshoot,cs-CT52001644-20155251415576
https://www.lg.com/ca_en/support/product-support/troubleshoot/help-library/cs-CT52001644-20155255021033/,,support_troubleshoot,cs-CT52001644-20155255021033
https://www.lg.com/ca_en/support/product-support/troubleshoot/help-library/cs-CT52001644-20155255784526/,,support_troubleshoot,cs-CT52001644-20155255784526
https://www.lg.com/ca_en/support/product-support/troubleshoot/help-library/cs-CT52001644-20155263921219/,,support_troubleshoot,cs-CT52001644-20155263921219
https://www.lg.com/ca_en/support/product-support/troubleshoot/help-library/cs-CT52001644-20155265315041/,,support_troubleshoot,cs-CT52001644-20155265315041
https://www.lg.com/ca_en/support/product-support/troubleshoot/help-library/cs-CT52001643-20155265982325/,,support_troubleshoot,cs-CT52001643-20155265982325
https://www.lg.com/ca_en/support/product-support/troubleshoot/help-library/cs-CT52001644-20155268061305/,,support_troubleshoot,cs-CT52001644-20155268061305
https://www.lg.com/ca_en/support/product-support/troubleshoot/help-library/cs-CT52001646-20155268088351,,support_troubleshoot,cs-CT52001646-20155268088351
https://www.lg.com/ca_en/support/product-support/troubleshoot/help-library/cs-CT52001646-20155268400063,,support_troubleshoot,cs-CT52001646-20155268400063
https://www.lg.com/ca_en/support/product-support/troubleshoot/help-library/cs-CT52001646-20155268977272,,support_troubleshoot,cs-CT52001646-20155268977272
https://www.lg.com/ca_en/support/product-support/troubleshoot/help-library/cs-CT52001646-20155269106216/,,support_troubleshoot,cs-CT52001646-20155269106216
https://www.lg.com/ca_en/support/product-support/troubleshoot/help-library/cs-CT52001644-20155272208608,,support_troubleshoot,cs-CT52001644-20155272208608
https://www.lg.com/ca_en/support/product-support/troubleshoot/help-library/cs-CT52001644-20155272220552,,support_troubleshoot,cs-CT52001644-20155272220552
https://www.lg.com/ca_en/support/product-support/troubleshoot/help-library/cs-CT52006110-20155274465475,,support_troubleshoot,cs-CT52006110-20155274465475
https://www.lg.com/ca_en/support/product-support/troubleshoot/help-library/cs-CT52001644-20155295248142/,,support_troubleshoot,cs-CT52001644-20155295248142
https://www.lg.com/ca_en/support/product-support/troubleshoot/help-library/cs-CT52001644-20155295248170/,,support_troubleshoot,cs-CT52001644-20155295248170
https://www.lg.com/ca_en/support/product-support/troubleshoot/help-library/cs-CT52006110-20155297250407,,support_troubleshoot,cs-CT52006110-20155297250407
https://www.lg.com/ca_en/support/product-support/troubleshoot/help-library/cs-CT52001644-20155297566940,,support_troubleshoot,cs-CT52001644-20155297566940
https://www.lg.com/ca_en/support/product-support/troubleshoot/help-library/cs-CT52001644-20155299038000,,support_troubleshoot,cs-CT52001644-20155299038000
https://www.lg.com/ca_en/support/product-support/troubleshoot/help-library/cs-CT52001644-20155299529987,,support_troubleshoot,cs-CT52001644-20155299529987
https://www.lg.com/ca_en/support/product-support/troubleshoot/help-library/cs-CT52001644-20155301955008,,support_troubleshoot,cs-CT52001644-20155301955008
https://www.lg.com/ca_en/support/product-support/troubleshoot/help-library/cs-CT52006110-20155304384843/,,support_troubleshoot,cs-CT52006110-20155304384843
https://www.lg.com/ca_en/support/product-support/troubleshoot/help-library/cs-CT52001646-20155311241700/,,support_troubleshoot,cs-CT52001646-20155311241700
https://www.lg.com/ca_en/support/product-support/troubleshoot/help-library/cs-CT52001646-20155311258275/,,support_troubleshoot,cs-CT52001646-20155311258275
https://www.lg.com/ca_en/support/product-support/troubleshoot/help-library/cs-CT52001643-20155311276825/,,support_troubleshoot,cs-CT52001643-20155311276825
https://www.lg.com/ca_en/support/product-support/troubleshoot/help-library/cs-CT52001646-20155311293376/,,support_troubleshoot,cs-CT52001646-20155311293376
https://www.lg.com/ca_en/support/product-support/troubleshoot/help-library/cs-CT52001646-20155311400309/,,support_troubleshoot,cs-CT52001646-20155311400309
https://www.lg.com/ca_en/support/product-support/troubleshoot/help-library/cs-CT52001646-20155311454491/,,support_troubleshoot,cs-CT52001646-20155311454491
https://www.lg.com/ca_en/support/product-support/troubleshoot/help-library/cs-CT52001646-20155311502235/,,support_troubleshoot,cs-CT52001646-20155311502235
https://www.lg.com/ca_en/support/product-support/troubleshoot/help-library/cs-CT52001646-20155316490867/,,support_troubleshoot,cs-CT52001646-20155316490867
https://www.lg.com/ca_en/support/product-support/troubleshoot/help-library/cs-CT52001646-20155331398212/,,support_troubleshoot,cs-CT52001646-20155331398212
https://www.lg.com/ca_en/support/product-support/troubleshoot/help-library/cs-CT52001646-20155333771990/,,support_troubleshoot,cs-CT52001646-20155333771990
https://www.lg.com/ca_en/support/product-support/troubleshoot/help-library/cs-CT52001644-20155333890398/,,support_troubleshoot,cs-CT52001644-20155333890398
https://www.lg.com/ca_en/support/product-support/troubleshoot/help-library/cs-CT52006110-20155342657177/,,support_troubleshoot,cs-CT52006110-20155342657177
https://www.lg.com/ca_en/support/product-support/troubleshoot/help-library/cs-CT52001644-20155348056902/,,support_troubleshoot,cs-CT52001644-20155348056902
https://www.lg.com/ca_en/support/product-support/troubleshoot/help-library/cs-CT52001644-20155348096893/,,support_troubleshoot,cs-CT52001644-20155348096893
https://www.lg.com/ca_en/support/product-support/troubleshoot/help-library/cs-CT52001644-20155352255503/,,support_troubleshoot,cs-CT52001644-20155352255503
https://www.lg.com/ca_en/support/product-support/troubleshoot/help-library/cs-CT52006110-20155363581293/,,support_troubleshoot,cs-CT52006110-20155363581293
https://www.lg.com/ca_en/support/product-support/troubleshoot/help-library/cs-CT32004641-20155363581834,,support_troubleshoot,cs-CT32004641-20155363581834
https://www.lg.com/ca_en/support/product-support/troubleshoot/help-library/cs-CT52006110-20155366416958/,,support_troubleshoot,cs-CT52006110-20155366416958
https://www.lg.com/ca_en/support/product-support/troubleshoot/help-library/cs-CT52001644-20155368582330/,,support_troubleshoot,cs-CT52001644-20155368582330
https://www.lg.com/ca_en/support/product-support/troubleshoot/help-library/cs-CT52001644-20155370303100/,,support_troubleshoot,cs-CT52001644-20155370303100
https://www.lg.com/ca_en/support/product-support/troubleshoot/help-library/cs-CT52001646-20155377714793/,,support_troubleshoot,cs-CT52001646-20155377714793
https://www.lg.com/ca_en/support/product-support/troubleshoot/help-library/cs-CT52001644-20155377729331,,support_troubleshoot,cs-CT52001644-20155377729331
https://www.lg.com/ca_en/support/product-support/troubleshoot/help-library/cs-CT52001643-20155377787112/,,support_troubleshoot,cs-CT52001643-20155377787112
https://www.lg.com/ca_en/support/product-support/troubleshoot/help-library/cs-CT52001644-20155379381558,,support_troubleshoot,cs-CT52001644-20155379381558
https://www.lg.com/ca_en/support/product-support/troubleshoot/help-library/cs-CT52001644-20155379438792/,,support_troubleshoot,cs-CT52001644-20155379438792
https://www.lg.com/ca_en/support/product-support/troubleshoot/help-library/cs-CT52001646-20155379603852,,support_troubleshoot,cs-CT52001646-20155379603852
https://www.lg.com/ca_en/support/product-support/troubleshoot/help-library/cs-CT52001646-20155379624632,,support_troubleshoot,cs-CT52001646-20155379624632
https://www.lg.com/ca_en/support/product-support/troubleshoot/help-library/cs-CT52001643-20155379912464/,,support_troubleshoot,cs-CT52001643-20155379912464
https://www.lg.com/ca_en/support/product-support/troubleshoot/help-library/cs-CT52001644-20155380009754/,,support_troubleshoot,cs-CT52001644-20155380009754
https://www.lg.com/ca_en/support/product-support/troubleshoot/help-library/cs-CT52001643-20155381401792/,,support_troubleshoot,cs-CT52001643-20155381401792
https://www.lg.com/ca_en/support/product-support/troubleshoot/help-library/cs-CT32005681-20155383935805,,support_troubleshoot,cs-CT32005681-20155383935805
https://www.lg.com/ca_en/support/product-support/troubleshoot/help-library/cs-CT52001646-20155412185433,,support_troubleshoot,cs-CT52001646-20155412185433
https://www.lg.com/ca_en/support/product-support/troubleshoot/help-library/cs-CT52001643-20155412212632,,support_troubleshoot,cs-CT52001643-20155412212632
https://www.lg.com/ca_en/support/product-support/troubleshoot/help-library/cs-CT52006110-20155412570876,,support_troubleshoot,cs-CT52006110-20155412570876
